{
  "config": {
    "N": 8,
    "weak_edge_epsilon": 0.15,
    "sigma2": 1.0,
    "mu2": 1.0,
    "eigenvalue_aware_source": true
  },
  "cases": [
    {
      "case": "path",
      "N": 8,
      "lambda1": 0.15224093497742658,
      "converged": true,
      "iterations": 12,
      "stable": true,
      "delta_gap": 2.7182818284590446,
      "delta_fiedler_gap": 2.8343255124188964,
      "spectral_entropy": 1.9117250299707047,
      "residual_inf_norm": 4.41289227381958e-11,
      "coupling_entropy": 1.9459101490553132
    },
    {
      "case": "weak_path",
      "N": 8,
      "lambda1": 0.05823597674354577,
      "converged": true,
      "iterations": 12,
      "stable": true,
      "delta_gap": 2.7182818284590455,
      "delta_fiedler_gap": 2.761363868024555,
      "spectral_entropy": 1.9368520814873187,
      "residual_inf_norm": 2.990674374814262e-11,
      "coupling_entropy": 1.9459101490553132
    },
    {
      "case": "cycle",
      "N": 8,
      "lambda1": 0.585786437626904,
      "converged": true,
      "iterations": 12,
      "stable": true,
      "delta_gap": 2.7182818284590446,
      "delta_fiedler_gap": 3.234053782496556,
      "spectral_entropy": 1.891562153165279,
      "residual_inf_norm": 2.990674374814262e-11,
      "coupling_entropy": 1.9459101490553132
    }
  ]
}