{
  "viewports": {
    "grid": {
      "name": "grid",
      "layout": "grid",
      "n_nodes": 64,
      "modes": {
        "road_knn": {
          "n_eigvals": 64,
          "beta_0": 1,
          "spectral_entropy_nats": 4.051641392316116,
          "spectral_entropy_normalised": 0.9779168817531785,
          "top_k": [
            0.027238916632182975,
            0.02674970881308608,
            0.026487496488089315,
            0.026237354287806186,
            0.02579897735938386,
            0.02556647312103171,
            0.025493234377195743,
            0.025352667419997393,
            0.025055483813740405,
            0.02481695158830429,
            0.024468367572283507,
            0.024389620870613395,
            0.02428755324546259,
            0.023659960371208162,
            0.023395495653621652,
            0.023179842984653136,
            0.02249581048642107,
            0.022413242422505125,
            0.02194163778181917,
            0.0216137149820374,
            0.021236621184474124,
            0.020987978536497462,
            0.019897309720342312,
            0.019723429604508107,
            0.019511938576642785,
            0.019345222864156644,
            0.01915135458548501,
            0.018754995497352826,
            0.018563492473394328,
            0.01827495068043333,
            0.01812011369791732,
            0.01778047292804561,
            0.01777639383285183,
            0.017621056055876685,
            0.017482459504653765,
            0.017210349657582398,
            0.01695441989951115,
            0.01659370297350796,
            0.01638737803005649,
            0.016174673135528637,
            0.01594274859726345,
            0.015575069522927778,
            0.015408261847498187,
            0.014739217654253782,
            0.014558834943420104,
            0.01377240268115965,
            0.0137360627116638,
            0.012904618300906638,
            0.012641663230656746,
            0.01253029679998774
          ],
          "road_meta": {
            "n_road_nodes": 64,
            "n_road_edges": 112,
            "cutoff_m": 758.3237229927067,
            "n_isolated_buildings": 0,
            "n_reachable_pairs": 1876,
            "synthetic": true
          }
        },
        "knn": {
          "n_eigvals": 64,
          "beta_0": 1,
          "spectral_entropy_nats": 4.058422445395081,
          "spectral_entropy_normalised": 0.9795535780053592,
          "top_k": [
            0.02655054238108717,
            0.026301374241091642,
            0.02595790670413312,
            0.02536866821379213,
            0.025057319612887288,
            0.024359008461696214,
            0.024291158444989424,
            0.02394632699058285,
            0.023887491257828675,
            0.02360743169039588,
            0.02349192098852134,
            0.023270410578918047,
            0.0226706315407196,
            0.022562649744932217,
            0.022439905604631147,
            0.02233656888671713,
            0.022214566753504132,
            0.022113873563046768,
            0.021939738102328885,
            0.021793387731497298,
            0.020718156732243132,
            0.020612183166526073,
            0.02040606594673873,
            0.020333454743945958,
            0.01986685661724005,
            0.019764708270265444,
            0.019231986742620614,
            0.019149948618208516,
            0.018841254054928668,
            0.018713723658118908,
            0.01851766533543776,
            0.01847452556330872,
            0.018045668901512414,
            0.017906777413471735,
            0.01774936031882771,
            0.0176091900470008,
            0.017418715860703978,
            0.017383158816635658,
            0.017291052309063783,
            0.016910942631565826,
            0.016845297497908744,
            0.016499034269467465,
            0.01641083106019645,
            0.015508777464126915,
            0.015378250192293835,
            0.014742518377680232,
            0.014412374372458804,
            0.014197782522684565,
            0.013905551482248788,
            0.012993305519268701
          ]
        }
      }
    },
    "fringe": {
      "name": "fringe",
      "layout": "fringe",
      "n_nodes": 64,
      "modes": {
        "road_knn": {
          "n_eigvals": 64,
          "beta_0": 6,
          "spectral_entropy_nats": 3.7310832242712464,
          "spectral_entropy_normalised": 0.9188857507863778,
          "top_k": [
            0.06855894577726732,
            0.06362417397634806,
            0.05294355946740562,
            0.04823439209797017,
            0.04418146300451533,
            0.039213870485051705,
            0.03489298042603961,
            0.030888663657099556,
            0.029668318387829386,
            0.02854744294142712,
            0.027508404557222248,
            0.026030269837581135,
            0.02578241168786183,
            0.02373386961230525,
            0.022304175517502613,
            0.02136975679083407,
            0.019898739320658804,
            0.019802819543951345,
            0.0192668275482443,
            0.01885503906729281,
            0.01807139849351075,
            0.01792837260850336,
            0.017781516512495217,
            0.01718239073459016,
            0.016669810496677772,
            0.016248159519210215,
            0.014984626178145726,
            0.014285068839019347,
            0.013920806605247527,
            0.01379359846627482,
            0.01322294407517092,
            0.01225053146530413,
            0.01220935961610315,
            0.011786922217837299,
            0.011490060435999237,
            0.011156626813482066,
            0.010624682752064865,
            0.010131350687429888,
            0.00989739910019713,
            0.009033647449983636,
            0.008676829971811293,
            0.008668087861542838,
            0.006889411587927328,
            0.006513788932404919,
            0.00630828925358567,
            0.006132219322134106,
            0.00559150942610532,
            0.0048137204788215125,
            0.004685869673550821,
            0.0037448767204607343
          ],
          "road_meta": {
            "n_road_nodes": 24,
            "n_road_edges": 23,
            "cutoff_m": 206.29594077982986,
            "n_isolated_buildings": 0,
            "n_reachable_pairs": 454,
            "synthetic": true
          }
        },
        "knn": {
          "n_eigvals": 64,
          "beta_0": 5,
          "spectral_entropy_nats": 3.9426126576339304,
          "spectral_entropy_normalised": 0.9669102275263106,